<?xml version="1.0" encoding="UTF-8"?>
<project-private xmlns="http://www.netbeans.org/ns/project-private/1">
    <editor-bookmarks xmlns="http://www.netbeans.org/ns/editor-bookmarks/2" lastBookmarkId="1">
        <file>
            <url>src/gui_prototype_2/InventoryIn.java</url>
            <bookmark id="1">
                <name/>
                <line>72</line>
                <key/>
            </bookmark>
        </file>
    </editor-bookmarks>
    <open-files xmlns="http://www.netbeans.org/ns/projectui-open-files/2">
        <group>
            <file>file:/C:/Users/Lokesh%20Sriram/Desktop/IB/+Computer%20Science%20HL/CS%20IA-jkg977/Product/Warehouse_Inventory_Management_Software/src/Warehouse_Inventory_Management_Software/LoginPage.java</file>
        </group>
    </open-files>
</project-private>
